param,term,coefficient,transform
A,(intercept),-1396.25048807636,logit(A)
A,1,-1.7282507530085e-15,logit(A)
A,x1^0 x2^0 x3^0 x4^1,-2.16002780551405,logit(A)
A,x1^0 x2^0 x3^1 x4^0,159.251686653172,logit(A)
A,x1^0 x2^1 x3^0 x4^0,-1051.82235815915,logit(A)
A,x1^1 x2^0 x3^0 x4^0,383.859838722023,logit(A)
A,x1^0 x2^0 x3^0 x4^2,-0.602067197321022,logit(A)
A,x1^0 x2^0 x3^1 x4^1,11.066595092961,logit(A)
A,x1^0 x2^0 x3^2 x4^0,-129.555686834511,logit(A)
A,x1^0 x2^1 x3^0 x4^1,0.728876313721824,logit(A)
A,x1^0 x2^1 x3^1 x4^0,24.18700150814,logit(A)
A,x1^0 x2^2 x3^0 x4^0,53.3612434125052,logit(A)
A,x1^1 x2^0 x3^0 x4^1,0.522078973778996,logit(A)
A,x1^1 x2^0 x3^1 x4^0,-53.0062075547309,logit(A)
A,x1^1 x2^1 x3^0 x4^0,165.351164365045,logit(A)
A,x1^2 x2^0 x3^0 x4^0,-42.7318327217669,logit(A)
A,x1^0 x2^0 x3^0 x4^3,-0.141386866090333,logit(A)
A,x1^0 x2^0 x3^1 x4^2,1.88376449970169,logit(A)
A,x1^0 x2^0 x3^2 x4^1,-23.3375150021525,logit(A)
A,x1^0 x2^0 x3^3 x4^0,99.5403983304389,logit(A)
A,x1^0 x2^1 x3^0 x4^2,0.316979295760174,logit(A)
A,x1^0 x2^1 x3^1 x4^1,-3.14981026725232,logit(A)
A,x1^0 x2^1 x3^2 x4^0,-104.716836679131,logit(A)
A,x1^0 x2^2 x3^0 x4^1,-0.216639648145275,logit(A)
A,x1^0 x2^2 x3^1 x4^0,-23.3262891770523,logit(A)
A,x1^0 x2^3 x3^0 x4^0,35.1367833045224,logit(A)
A,x1^1 x2^0 x3^0 x4^2,0.229658961245614,logit(A)
A,x1^1 x2^0 x3^1 x4^1,-2.74974503901814,logit(A)
A,x1^1 x2^0 x3^2 x4^0,43.9086828155192,logit(A)
A,x1^1 x2^1 x3^0 x4^1,-0.164276464447489,logit(A)
A,x1^1 x2^1 x3^1 x4^0,-5.43591199739923,logit(A)
A,x1^1 x2^2 x3^0 x4^0,-8.22996577318221,logit(A)
A,x1^2 x2^0 x3^0 x4^1,-0.118338079143334,logit(A)
A,x1^2 x2^0 x3^1 x4^0,16.2322743338712,logit(A)
A,x1^2 x2^1 x3^0 x4^0,-22.2053921108937,logit(A)
A,x1^3 x2^0 x3^0 x4^0,5.51734658687531,logit(A)
A,x1^0 x2^0 x3^0 x4^4,0.0280603327779407,logit(A)
A,x1^0 x2^0 x3^1 x4^3,1.27011701133424,logit(A)
A,x1^0 x2^0 x3^2 x4^2,-10.2873753402236,logit(A)
A,x1^0 x2^0 x3^3 x4^1,-205.727313488579,logit(A)
A,x1^0 x2^0 x3^4 x4^0,-1214.75997518123,logit(A)
A,x1^0 x2^1 x3^0 x4^3,0.046123726115113,logit(A)
A,x1^0 x2^1 x3^1 x4^2,-1.21327833337289,logit(A)
A,x1^0 x2^1 x3^2 x4^1,-1.16562973496334,logit(A)
A,x1^0 x2^1 x3^3 x4^0,363.147157679576,logit(A)
A,x1^0 x2^2 x3^0 x4^2,-0.162829833581422,logit(A)
A,x1^0 x2^2 x3^1 x4^1,0.603566104428002,logit(A)
A,x1^0 x2^2 x3^2 x4^0,80.2185357535989,logit(A)
A,x1^0 x2^3 x3^0 x4^1,0.0467871132442207,logit(A)
A,x1^0 x2^3 x3^1 x4^0,4.22307084741127,logit(A)
A,x1^0 x2^4 x3^0 x4^0,-27.8916589080501,logit(A)
A,x1^1 x2^0 x3^0 x4^3,0.0265231661814911,logit(A)
A,x1^1 x2^0 x3^1 x4^2,-0.796378172163109,logit(A)
A,x1^1 x2^0 x3^2 x4^1,4.35891057587557,logit(A)
A,x1^1 x2^0 x3^3 x4^0,-39.7635638346479,logit(A)
A,x1^1 x2^1 x3^0 x4^2,-0.11637534110566,logit(A)
A,x1^1 x2^1 x3^1 x4^1,0.696884316067296,logit(A)
A,x1^1 x2^1 x3^2 x4^0,29.9183960382679,logit(A)
A,x1^1 x2^2 x3^0 x4^1,0.0414786693958948,logit(A)
A,x1^1 x2^2 x3^1 x4^0,6.3637576406879,logit(A)
A,x1^1 x2^3 x3^0 x4^0,-11.1890615464188,logit(A)
A,x1^2 x2^0 x3^0 x4^2,-0.0838703128028712,logit(A)
A,x1^2 x2^0 x3^1 x4^1,0.651662555236563,logit(A)
A,x1^2 x2^0 x3^2 x4^0,-13.2457227475495,logit(A)
A,x1^2 x2^1 x3^0 x4^1,0.032750519448458,logit(A)
A,x1^2 x2^1 x3^1 x4^0,1.55558060147251,logit(A)
A,x1^2 x2^2 x3^0 x4^0,1.41455214925397,logit(A)
A,x1^3 x2^0 x3^0 x4^1,0.0238635406437171,logit(A)
A,x1^3 x2^0 x3^1 x4^0,-4.59730096536808,logit(A)
A,x1^3 x2^1 x3^0 x4^0,3.90882658293367,logit(A)
A,x1^4 x2^0 x3^0 x4^0,-0.546267722330489,logit(A)
K,(intercept),-396.643195151408,logit(K)
K,1,-2.06908483524912e-16,logit(K)
K,x1^0 x2^0 x3^0 x4^1,-0.0304686069882631,logit(K)
K,x1^0 x2^0 x3^1 x4^0,-40.1106871225826,logit(K)
K,x1^0 x2^1 x3^0 x4^0,-283.613906986927,logit(K)
K,x1^1 x2^0 x3^0 x4^0,106.219857420905,logit(K)
K,x1^0 x2^0 x3^0 x4^2,-0.0790388675106993,logit(K)
K,x1^0 x2^0 x3^1 x4^1,1.10557916129902,logit(K)
K,x1^0 x2^0 x3^2 x4^0,97.588234643745,logit(K)
K,x1^0 x2^1 x3^0 x4^1,0.0355741582658543,logit(K)
K,x1^0 x2^1 x3^1 x4^0,21.656327630342,logit(K)
K,x1^0 x2^2 x3^0 x4^0,14.0416314814053,logit(K)
K,x1^1 x2^0 x3^0 x4^1,-0.0129884352305721,logit(K)
K,x1^1 x2^0 x3^1 x4^0,0.705972337836009,logit(K)
K,x1^1 x2^1 x3^0 x4^0,46.27291450804,logit(K)
K,x1^2 x2^0 x3^0 x4^0,-12.1542974256717,logit(K)
K,x1^0 x2^0 x3^0 x4^3,-0.0327968507688609,logit(K)
K,x1^0 x2^0 x3^1 x4^2,0.0986019374223503,logit(K)
K,x1^0 x2^0 x3^2 x4^1,-1.53283704812041,logit(K)
K,x1^0 x2^0 x3^3 x4^0,-176.063328100707,logit(K)
K,x1^0 x2^1 x3^0 x4^2,0.0349471167184217,logit(K)
K,x1^0 x2^1 x3^1 x4^1,-0.410964244357702,logit(K)
K,x1^0 x2^1 x3^2 x4^0,-34.2519694331176,logit(K)
K,x1^0 x2^2 x3^0 x4^1,-0.0226627303882854,logit(K)
K,x1^0 x2^2 x3^1 x4^0,-3.92163021823372,logit(K)
K,x1^0 x2^3 x3^0 x4^0,9.6742524230717,logit(K)
K,x1^1 x2^0 x3^0 x4^2,0.033964949577288,logit(K)
K,x1^1 x2^0 x3^1 x4^1,-0.226181549922775,logit(K)
K,x1^1 x2^0 x3^2 x4^0,-3.19961534387553,logit(K)
K,x1^1 x2^1 x3^0 x4^1,-0.00138313477543207,logit(K)
K,x1^1 x2^1 x3^1 x4^0,-1.81551247263298,logit(K)
K,x1^1 x2^2 x3^0 x4^0,-2.66617034791426,logit(K)
K,x1^2 x2^0 x3^0 x4^1,0.0106002336104028,logit(K)
K,x1^2 x2^0 x3^1 x4^0,2.91568656882027,logit(K)
K,x1^2 x2^1 x3^0 x4^0,-6.43981618312883,logit(K)
K,x1^3 x2^0 x3^0 x4^0,1.65993303202286,logit(K)
K,x1^0 x2^0 x3^0 x4^4,-0.0072522448304391,logit(K)
K,x1^0 x2^0 x3^1 x4^3,0.281755366147045,logit(K)
K,x1^0 x2^0 x3^2 x4^2,-0.684793182464281,logit(K)
K,x1^0 x2^0 x3^3 x4^1,-55.417765535751,logit(K)
K,x1^0 x2^0 x3^4 x4^0,-419.021803827604,logit(K)
K,x1^0 x2^1 x3^0 x4^3,0.0134770186006331,logit(K)
K,x1^0 x2^1 x3^1 x4^2,-0.0781047458000818,logit(K)
K,x1^0 x2^1 x3^2 x4^1,-0.586636414535179,logit(K)
K,x1^0 x2^1 x3^3 x4^0,16.108518233501,logit(K)
K,x1^0 x2^2 x3^0 x4^2,-0.015741828082644,logit(K)
K,x1^0 x2^2 x3^1 x4^1,0.136058665683119,logit(K)
K,x1^0 x2^2 x3^2 x4^0,2.03221699018905,logit(K)
K,x1^0 x2^3 x3^0 x4^1,0.0118966037131118,logit(K)
K,x1^0 x2^3 x3^1 x4^0,-3.54592422035294,logit(K)
K,x1^0 x2^4 x3^0 x4^0,-7.61801431250641,logit(K)
K,x1^1 x2^0 x3^0 x4^3,0.00623170597075113,logit(K)
K,x1^1 x2^0 x3^1 x4^2,-0.0784429105176888,logit(K)
K,x1^1 x2^0 x3^2 x4^1,-0.0653844365911934,logit(K)
K,x1^1 x2^0 x3^3 x4^0,-32.4472369705628,logit(K)
K,x1^1 x2^1 x3^0 x4^2,-0.0148919887773371,logit(K)
K,x1^1 x2^1 x3^1 x4^1,0.0785214390592639,logit(K)
K,x1^1 x2^1 x3^2 x4^0,-0.818490598975107,logit(K)
K,x1^1 x2^2 x3^0 x4^1,0.00289699584124856,logit(K)
K,x1^1 x2^2 x3^1 x4^0,-0.739145923573001,logit(K)
K,x1^1 x2^3 x3^0 x4^0,-2.90245876516705,logit(K)
K,x1^2 x2^0 x3^0 x4^2,-0.0133195022892915,logit(K)
K,x1^2 x2^0 x3^1 x4^1,0.0359011312545452,logit(K)
K,x1^2 x2^0 x3^2 x4^0,-6.62214898632044,logit(K)
K,x1^2 x2^1 x3^0 x4^1,-0.0023985103111765,logit(K)
K,x1^2 x2^1 x3^1 x4^0,-0.746675540256653,logit(K)
K,x1^2 x2^2 x3^0 x4^0,0.593520041107701,logit(K)
K,x1^3 x2^0 x3^0 x4^1,-0.00521051333372188,logit(K)
K,x1^3 x2^0 x3^1 x4^0,-1.71199028564598,logit(K)
K,x1^3 x2^1 x3^0 x4^0,1.15081284087148,logit(K)
K,x1^4 x2^0 x3^0 x4^0,-0.196558258862779,logit(K)
Q,(intercept),3676.54011913445,log(Q)
Q,1,1.2811283159662e-15,log(Q)
Q,x1^0 x2^0 x3^0 x4^1,1.14509143959277,log(Q)
Q,x1^0 x2^0 x3^1 x4^0,743.859896981986,log(Q)
Q,x1^0 x2^1 x3^0 x4^0,2593.15282265035,log(Q)
Q,x1^1 x2^0 x3^0 x4^0,-999.207541384235,log(Q)
Q,x1^0 x2^0 x3^0 x4^2,0.379767646050021,log(Q)
Q,x1^0 x2^0 x3^1 x4^1,-12.2517257493137,log(Q)
Q,x1^0 x2^0 x3^2 x4^0,-1486.86423727157,log(Q)
Q,x1^0 x2^1 x3^0 x4^1,-0.216171871509836,log(Q)
Q,x1^0 x2^1 x3^1 x4^0,-228.837223020156,log(Q)
Q,x1^0 x2^2 x3^0 x4^0,-132.479500752685,log(Q)
Q,x1^1 x2^0 x3^0 x4^1,-0.379175069201723,log(Q)
Q,x1^1 x2^0 x3^1 x4^0,-100.103381814152,log(Q)
Q,x1^1 x2^1 x3^0 x4^0,-426.944919219631,log(Q)
Q,x1^2 x2^0 x3^0 x4^0,117.201133437186,log(Q)
Q,x1^0 x2^0 x3^0 x4^3,0.279629932183154,log(Q)
Q,x1^0 x2^0 x3^1 x4^2,-0.108845082301572,log(Q)
Q,x1^0 x2^0 x3^2 x4^1,14.9440979167256,log(Q)
Q,x1^0 x2^0 x3^3 x4^0,2482.88395137928,log(Q)
Q,x1^0 x2^1 x3^0 x4^2,-0.255594543074501,log(Q)
Q,x1^0 x2^1 x3^1 x4^1,2.17008476881813,log(Q)
Q,x1^0 x2^1 x3^2 x4^0,243.073593024189,log(Q)
Q,x1^0 x2^2 x3^0 x4^1,-0.0500569807093861,log(Q)
Q,x1^0 x2^2 x3^1 x4^0,-6.19691900189193,log(Q)
Q,x1^0 x2^3 x3^0 x4^0,-86.0842424860437,log(Q)
Q,x1^1 x2^0 x3^0 x4^2,-0.162608677622999,log(Q)
Q,x1^1 x2^0 x3^1 x4^1,3.8575279064882,log(Q)
Q,x1^1 x2^0 x3^2 x4^0,159.53897956916,log(Q)
Q,x1^1 x2^1 x3^0 x4^1,0.0817657847848696,log(Q)
Q,x1^1 x2^1 x3^1 x4^0,17.6603415433961,log(Q)
Q,x1^1 x2^2 x3^0 x4^0,27.1646137201226,log(Q)
Q,x1^2 x2^0 x3^0 x4^1,0.12520243179943,log(Q)
Q,x1^2 x2^0 x3^1 x4^0,-4.77743679673228,log(Q)
Q,x1^2 x2^1 x3^0 x4^0,59.5364880037912,log(Q)
Q,x1^3 x2^0 x3^0 x4^0,-16.7726021244074,log(Q)
Q,x1^0 x2^0 x3^0 x4^4,0.119552812576147,log(Q)
Q,x1^0 x2^0 x3^1 x4^3,-2.14970722578576,log(Q)
Q,x1^0 x2^0 x3^2 x4^2,6.50253677080525,log(Q)
Q,x1^0 x2^0 x3^3 x4^1,543.884597845529,log(Q)
Q,x1^0 x2^0 x3^4 x4^0,4520.74072181834,log(Q)
Q,x1^0 x2^1 x3^0 x4^3,-0.0953650592736367,log(Q)
Q,x1^0 x2^1 x3^1 x4^2,0.797893356544892,log(Q)
Q,x1^0 x2^1 x3^2 x4^1,17.8960998750166,log(Q)
Q,x1^0 x2^1 x3^3 x4^0,556.610514184008,log(Q)
Q,x1^0 x2^2 x3^0 x4^2,0.152925411337595,log(Q)
Q,x1^0 x2^2 x3^1 x4^1,0.534261710337823,log(Q)
Q,x1^0 x2^2 x3^2 x4^0,152.003626658131,log(Q)
Q,x1^0 x2^3 x3^0 x4^1,0.0936958963257749,log(Q)
Q,x1^0 x2^3 x3^1 x4^0,72.8036254206539,log(Q)
Q,x1^0 x2^4 x3^0 x4^0,68.495750140006,log(Q)
Q,x1^1 x2^0 x3^0 x4^3,-0.0613571705668813,log(Q)
Q,x1^1 x2^0 x3^1 x4^2,0.260842847015558,log(Q)
Q,x1^1 x2^0 x3^2 x4^1,-5.16317049321911,log(Q)
Q,x1^1 x2^0 x3^3 x4^0,196.366246699805,log(Q)
Q,x1^1 x2^1 x3^0 x4^2,0.0976817251575217,log(Q)
Q,x1^1 x2^1 x3^1 x4^1,-0.731871357742715,log(Q)
Q,x1^1 x2^1 x3^2 x4^0,49.6454020008271,log(Q)
Q,x1^1 x2^2 x3^0 x4^1,0.00711472478944275,log(Q)
Q,x1^1 x2^2 x3^1 x4^0,22.7626920103421,log(Q)
Q,x1^1 x2^3 x3^0 x4^0,25.2808476815801,log(Q)
Q,x1^2 x2^0 x3^0 x4^2,0.0636219280577855,log(Q)
Q,x1^2 x2^0 x3^1 x4^1,-1.21558755860691,log(Q)
Q,x1^2 x2^0 x3^2 x4^0,36.3647426971335,log(Q)
Q,x1^2 x2^1 x3^0 x4^1,-0.0299425807673729,log(Q)
Q,x1^2 x2^1 x3^1 x4^0,9.03699744364796,log(Q)
Q,x1^2 x2^2 x3^0 x4^0,-6.33525293636899,log(Q)
Q,x1^3 x2^0 x3^0 x4^1,-0.041227896904699,log(Q)
Q,x1^3 x2^0 x3^1 x4^0,11.020893470168,log(Q)
Q,x1^3 x2^1 x3^0 x4^0,-10.5550522808762,log(Q)
Q,x1^4 x2^0 x3^0 x4^0,2.24356709680798,log(Q)
B,(intercept),-1057.26052878478,log(B)
B,1,-2.70272917442775e-16,log(B)
B,x1^0 x2^0 x3^0 x4^1,-0.127449877054987,log(B)
B,x1^0 x2^0 x3^1 x4^0,-105.49277504186,log(B)
B,x1^0 x2^1 x3^0 x4^0,-759.203342652133,log(B)
B,x1^1 x2^0 x3^0 x4^0,285.322717577529,log(B)
B,x1^0 x2^0 x3^0 x4^2,-0.0701325468919306,log(B)
B,x1^0 x2^0 x3^1 x4^1,2.60240844706283,log(B)
B,x1^0 x2^0 x3^2 x4^0,263.447591450843,log(B)
B,x1^0 x2^1 x3^0 x4^1,0.0445678993428732,log(B)
B,x1^0 x2^1 x3^1 x4^0,54.1811385043876,log(B)
B,x1^0 x2^2 x3^0 x4^0,38.149738067504,log(B)
B,x1^1 x2^0 x3^0 x4^1,-0.0067495624306219,log(B)
B,x1^1 x2^0 x3^1 x4^0,3.6783264599684,log(B)
B,x1^1 x2^1 x3^0 x4^0,123.474740872281,log(B)
B,x1^2 x2^0 x3^0 x4^0,-32.7382640305558,log(B)
B,x1^0 x2^0 x3^0 x4^3,-0.085705629057231,log(B)
B,x1^0 x2^0 x3^1 x4^2,-0.361731746502859,log(B)
B,x1^0 x2^0 x3^2 x4^1,0.517675720796629,log(B)
B,x1^0 x2^0 x3^3 x4^0,-501.544329042416,log(B)
B,x1^0 x2^1 x3^0 x4^2,0.0447515002116693,log(B)
B,x1^0 x2^1 x3^1 x4^1,-0.590895866454346,log(B)
B,x1^0 x2^1 x3^2 x4^0,-85.2246467248426,log(B)
B,x1^0 x2^2 x3^0 x4^1,-0.00810955276207203,log(B)
B,x1^0 x2^2 x3^1 x4^0,-7.70886737302219,log(B)
B,x1^0 x2^3 x3^0 x4^0,25.5719893505267,log(B)
B,x1^1 x2^0 x3^0 x4^2,0.045513576385839,log(B)
B,x1^1 x2^0 x3^1 x4^1,-0.57017986625869,log(B)
B,x1^1 x2^0 x3^2 x4^0,-15.1420930985751,log(B)
B,x1^1 x2^1 x3^0 x4^1,0.00552445316083868,log(B)
B,x1^1 x2^1 x3^1 x4^0,-4.71599040248502,log(B)
B,x1^1 x2^2 x3^0 x4^0,-7.195894187224,log(B)
B,x1^2 x2^0 x3^0 x4^1,0.0156124093074445,log(B)
B,x1^2 x2^0 x3^1 x4^0,6.5671778070504,log(B)
B,x1^2 x2^1 x3^0 x4^0,-17.1033595677176,log(B)
B,x1^3 x2^0 x3^0 x4^0,4.49517346676511,log(B)
B,x1^0 x2^0 x3^0 x4^4,-0.0432911689208018,log(B)
B,x1^0 x2^0 x3^1 x4^3,0.73085226350515,log(B)
B,x1^0 x2^0 x3^2 x4^2,0.88627208547252,log(B)
B,x1^0 x2^0 x3^3 x4^1,-184.85566645826,log(B)
B,x1^0 x2^0 x3^4 x4^0,-923.268517538933,log(B)
B,x1^0 x2^1 x3^0 x4^3,0.0323131503003826,log(B)
B,x1^0 x2^1 x3^1 x4^2,-0.000569004876449577,log(B)
B,x1^0 x2^1 x3^2 x4^1,-5.34040648431536,log(B)
B,x1^0 x2^1 x3^3 x4^0,31.7053817865685,log(B)
B,x1^0 x2^2 x3^0 x4^2,-0.0264165736752751,log(B)
B,x1^0 x2^2 x3^1 x4^1,-0.0102076869249342,log(B)
B,x1^0 x2^2 x3^2 x4^0,-0.441277325203148,log(B)
B,x1^0 x2^3 x3^0 x4^1,-0.00420220961106587,log(B)
B,x1^0 x2^3 x3^1 x4^0,-11.1179515737328,log(B)
B,x1^0 x2^4 x3^0 x4^0,-20.2340371881255,log(B)
B,x1^1 x2^0 x3^0 x4^3,0.0166415748932505,log(B)
B,x1^1 x2^0 x3^1 x4^2,-0.00745936176264022,log(B)
B,x1^1 x2^0 x3^2 x4^1,-1.20175032146071,log(B)
B,x1^1 x2^0 x3^3 x4^0,-58.0498110761726,log(B)
B,x1^1 x2^1 x3^0 x4^2,-0.0239724324459762,log(B)
B,x1^1 x2^1 x3^1 x4^1,0.0875358500876786,log(B)
B,x1^1 x2^1 x3^2 x4^0,-1.60766468610255,log(B)
B,x1^1 x2^2 x3^0 x4^1,-0.00551345960490916,log(B)
B,x1^1 x2^2 x3^1 x4^0,-2.40211468849081,log(B)
B,x1^1 x2^3 x3^0 x4^0,-7.70270758979391,log(B)
B,x1^2 x2^0 x3^0 x4^2,-0.0211248470693636,log(B)
B,x1^2 x2^0 x3^1 x4^1,0.107491869682004,log(B)
B,x1^2 x2^0 x3^2 x4^0,-13.9603611418582,log(B)
B,x1^2 x2^1 x3^0 x4^1,-0.00736227015319926,log(B)
B,x1^2 x2^1 x3^1 x4^0,-1.74389162600741,log(B)
B,x1^2 x2^2 x3^0 x4^0,1.57771947153799,log(B)
B,x1^3 x2^0 x3^0 x4^1,-0.00878694612334706,log(B)
B,x1^3 x2^0 x3^1 x4^0,-4.00687819916182,log(B)
B,x1^3 x2^1 x3^0 x4^0,3.04311395551271,log(B)
B,x1^4 x2^0 x3^0 x4^0,-0.540370503147487,log(B)
M,(intercept),1678.566947477,log(M)
M,1,2.42126362201874e-16,log(M)
M,x1^0 x2^0 x3^0 x4^1,-0.171849735081042,log(M)
M,x1^0 x2^0 x3^1 x4^0,623.249943559115,log(M)
M,x1^0 x2^1 x3^0 x4^0,1137.23059518606,log(M)
M,x1^1 x2^0 x3^0 x4^0,-450.684156472669,log(M)
M,x1^0 x2^0 x3^0 x4^2,0.0694907500923968,log(M)
M,x1^0 x2^0 x3^1 x4^1,-3.41802977181005,log(M)
M,x1^0 x2^0 x3^2 x4^0,-1132.75413368531,log(M)
M,x1^0 x2^1 x3^0 x4^1,0.126781238551921,log(M)
M,x1^0 x2^1 x3^1 x4^0,-149.14138329259,log(M)
M,x1^0 x2^2 x3^0 x4^0,-57.4909358975617,log(M)
M,x1^1 x2^0 x3^0 x4^1,-0.0608142553131056,log(M)
M,x1^1 x2^0 x3^1 x4^0,-99.2585781112402,log(M)
M,x1^1 x2^1 x3^0 x4^0,-193.126905620692,log(M)
M,x1^2 x2^0 x3^0 x4^0,54.3033513404954,log(M)
M,x1^0 x2^0 x3^0 x4^3,0.103535416543385,log(M)
M,x1^0 x2^0 x3^1 x4^2,0.121351301633881,log(M)
M,x1^0 x2^0 x3^2 x4^1,4.71295782270508,log(M)
M,x1^0 x2^0 x3^3 x4^0,1859.44912726022,log(M)
M,x1^0 x2^1 x3^0 x4^2,-0.0559981228194117,log(M)
M,x1^0 x2^1 x3^1 x4^1,0.40151951137165,log(M)
M,x1^0 x2^1 x3^2 x4^0,117.804769217616,log(M)
M,x1^0 x2^2 x3^0 x4^1,-0.0872123855743742,log(M)
M,x1^0 x2^2 x3^1 x4^0,-15.6230153609713,log(M)
M,x1^0 x2^3 x3^0 x4^0,-38.1020206753928,log(M)
M,x1^1 x2^0 x3^0 x4^2,-0.0229794752178536,log(M)
M,x1^1 x2^0 x3^1 x4^1,1.5449901264542,log(M)
M,x1^1 x2^0 x3^2 x4^0,130.139160419811,log(M)
M,x1^1 x2^1 x3^0 x4^1,0.0116087108215989,log(M)
M,x1^1 x2^1 x3^1 x4^0,8.13605254780858,log(M)
M,x1^1 x2^2 x3^0 x4^0,13.6971392267106,log(M)
M,x1^2 x2^0 x3^0 x4^1,0.0528423517611753,log(M)
M,x1^2 x2^0 x3^1 x4^0,4.14286742632134,log(M)
M,x1^2 x2^1 x3^0 x4^0,27.6186061646483,log(M)
M,x1^3 x2^0 x3^0 x4^0,-8.14711988839256,log(M)
M,x1^0 x2^0 x3^0 x4^4,0.0695869403264468,log(M)
M,x1^0 x2^0 x3^1 x4^3,-0.657503904198749,log(M)
M,x1^0 x2^0 x3^2 x4^2,3.26874096600605,log(M)
M,x1^0 x2^0 x3^3 x4^1,204.39840326069,log(M)
M,x1^0 x2^0 x3^4 x4^0,2057.01969490465,log(M)
M,x1^0 x2^1 x3^0 x4^3,-0.0369599551594601,log(M)
M,x1^0 x2^1 x3^1 x4^2,0.208038600037804,log(M)
M,x1^0 x2^1 x3^2 x4^1,7.43691066041997,log(M)
M,x1^0 x2^1 x3^3 x4^0,560.665595920063,log(M)
M,x1^0 x2^2 x3^0 x4^2,0.0366352151862532,log(M)
M,x1^0 x2^2 x3^1 x4^1,0.342977938283,log(M)
M,x1^0 x2^2 x3^2 x4^0,146.774733318515,log(M)
M,x1^0 x2^3 x3^0 x4^1,0.0559507840873438,log(M)
M,x1^0 x2^3 x3^1 x4^0,51.4053645176164,log(M)
M,x1^0 x2^4 x3^0 x4^0,30.2085321800281,log(M)
M,x1^1 x2^0 x3^0 x4^3,-0.0257328836923806,log(M)
M,x1^1 x2^0 x3^1 x4^2,-0.0266405969228248,log(M)
M,x1^1 x2^0 x3^2 x4^1,-3.68310636912456,log(M)
M,x1^1 x2^0 x3^3 x4^0,135.704386017209,log(M)
M,x1^1 x2^1 x3^0 x4^2,0.0176336200880681,log(M)
M,x1^1 x2^1 x3^1 x4^1,-0.347826108247081,log(M)
M,x1^1 x2^1 x3^2 x4^0,54.771337748567,log(M)
M,x1^1 x2^2 x3^0 x4^1,0.00426807038407787,log(M)
M,x1^1 x2^2 x3^1 x4^0,19.7767276691738,log(M)
M,x1^1 x2^3 x3^0 x4^0,10.5618982523943,log(M)
M,x1^2 x2^0 x3^0 x4^2,0.00752661964861819,log(M)
M,x1^2 x2^0 x3^1 x4^1,-0.623513193541456,log(M)
M,x1^2 x2^0 x3^2 x4^0,23.6356027689309,log(M)
M,x1^2 x2^1 x3^0 x4^1,-0.0187659577479935,log(M)
M,x1^2 x2^1 x3^1 x4^0,8.17286535638236,log(M)
M,x1^2 x2^2 x3^0 x4^0,-3.56870106623377,log(M)
M,x1^3 x2^0 x3^0 x4^1,-0.0265023732142929,log(M)
M,x1^3 x2^0 x3^1 x4^0,6.07827090914023,log(M)
M,x1^3 x2^1 x3^0 x4^0,-4.93210644530546,log(M)
M,x1^4 x2^0 x3^0 x4^0,1.2102930407527,log(M)
nu,(intercept),6378.90171418967,log(nu)
nu,1,3.00723625941398e-15,log(nu)
nu,x1^0 x2^0 x3^0 x4^1,1.46749198977212,log(nu)
nu,x1^0 x2^0 x3^1 x4^0,1514.40338603944,log(nu)
nu,x1^0 x2^1 x3^0 x4^0,4473.33583503509,log(nu)
nu,x1^1 x2^0 x3^0 x4^0,-1738.71017562926,log(nu)
nu,x1^0 x2^0 x3^0 x4^2,1.03390163334632,log(nu)
nu,x1^0 x2^0 x3^1 x4^1,-20.9981950424808,log(nu)
nu,x1^0 x2^0 x3^2 x4^0,-2925.74769617552,log(nu)
nu,x1^0 x2^1 x3^0 x4^1,-0.596302222607596,log(nu)
nu,x1^0 x2^1 x3^1 x4^0,-410.559349541151,log(nu)
nu,x1^0 x2^2 x3^0 x4^0,-230.230660390462,log(nu)
nu,x1^1 x2^0 x3^0 x4^1,-0.464020223006611,log(nu)
nu,x1^1 x2^0 x3^1 x4^0,-231.122554984855,log(nu)
nu,x1^1 x2^1 x3^0 x4^0,-738.84797458734,log(nu)
nu,x1^2 x2^0 x3^0 x4^0,205.083754411789,log(nu)
nu,x1^0 x2^0 x3^0 x4^3,0.468123607509036,log(nu)
nu,x1^0 x2^0 x3^1 x4^2,-2.05384799081248,log(nu)
nu,x1^0 x2^0 x3^2 x4^1,37.655616790985,log(nu)
nu,x1^0 x2^0 x3^3 x4^0,4795.96423390773,log(nu)
nu,x1^0 x2^1 x3^0 x4^2,-0.525189368630299,log(nu)
nu,x1^0 x2^1 x3^1 x4^1,5.82097046765177,log(nu)
nu,x1^0 x2^1 x3^2 x4^0,366.627858378785,log(nu)
nu,x1^0 x2^2 x3^0 x4^1,0.203173792743067,log(nu)
nu,x1^0 x2^2 x3^1 x4^0,-39.228926510502,log(nu)
nu,x1^0 x2^3 x3^0 x4^0,-147.517621044038,log(nu)
nu,x1^1 x2^0 x3^0 x4^2,-0.400707745189992,log(nu)
nu,x1^1 x2^0 x3^1 x4^1,6.41752165951614,log(nu)
nu,x1^1 x2^0 x3^2 x4^0,356.489637291043,log(nu)
nu,x1^1 x2^1 x3^0 x4^1,0.193032032744718,log(nu)
nu,x1^1 x2^1 x3^1 x4^0,30.6030239849001,log(nu)
nu,x1^1 x2^2 x3^0 x4^0,48.2990152557256,log(nu)
nu,x1^2 x2^0 x3^0 x4^1,0.147416469608661,log(nu)
nu,x1^2 x2^0 x3^1 x4^0,5.82343076554639,log(nu)
nu,x1^2 x2^1 x3^0 x4^0,103.239592698978,log(nu)
nu,x1^3 x2^0 x3^0 x4^0,-29.6476649709603,log(nu)
nu,x1^0 x2^0 x3^0 x4^4,0.145430834510446,log(nu)
nu,x1^0 x2^0 x3^1 x4^3,-3.55777026636509,log(nu)
nu,x1^0 x2^0 x3^2 x4^2,20.1349541242572,log(nu)
nu,x1^0 x2^0 x3^3 x4^1,814.456969587516,log(nu)
nu,x1^0 x2^0 x3^4 x4^0,8334.57228007737,log(nu)
nu,x1^0 x2^1 x3^0 x4^3,-0.176696573643116,log(nu)
nu,x1^0 x2^1 x3^1 x4^2,1.79042076162999,log(nu)
nu,x1^0 x2^1 x3^2 x4^1,15.5096012048068,log(nu)
nu,x1^0 x2^1 x3^3 x4^0,1429.53791014749,log(nu)
nu,x1^0 x2^2 x3^0 x4^2,0.265616617146788,log(nu)
nu,x1^0 x2^2 x3^1 x4^1,-0.907204040822786,log(nu)
nu,x1^0 x2^2 x3^2 x4^0,374.657012263518,log(nu)
nu,x1^0 x2^3 x3^0 x4^1,-0.0475687612084275,log(nu)
nu,x1^0 x2^3 x3^1 x4^0,152.158776481967,log(nu)
nu,x1^0 x2^4 x3^0 x4^0,117.678743262622,log(nu)
nu,x1^1 x2^0 x3^0 x4^3,-0.100513505403841,log(nu)
nu,x1^1 x2^0 x3^1 x4^2,1.04405003799466,log(nu)
nu,x1^1 x2^0 x3^2 x4^1,-11.464131196888,log(nu)
nu,x1^1 x2^0 x3^3 x4^0,275.661161760635,log(nu)
nu,x1^1 x2^1 x3^0 x4^2,0.196402713301404,log(nu)
nu,x1^1 x2^1 x3^1 x4^1,-1.80716617872373,log(nu)
nu,x1^1 x2^1 x3^2 x4^0,113.359316309817,log(nu)
nu,x1^1 x2^2 x3^0 x4^1,-0.0686376872911717,log(nu)
nu,x1^1 x2^2 x3^1 x4^0,49.7396272260809,log(nu)
nu,x1^1 x2^3 x3^0 x4^0,42.9954452604354,log(nu)
nu,x1^2 x2^0 x3^0 x4^2,0.147815979442139,log(nu)
nu,x1^2 x2^0 x3^1 x4^1,-1.96590969554901,log(nu)
nu,x1^2 x2^0 x3^2 x4^0,46.6740920829857,log(nu)
nu,x1^2 x2^1 x3^0 x4^1,-0.0626414136633327,log(nu)
nu,x1^2 x2^1 x3^1 x4^0,16.9556907229695,log(nu)
nu,x1^2 x2^2 x3^0 x4^0,-11.442681335819,log(nu)
nu,x1^3 x2^0 x3^0 x4^1,-0.0470204034378577,log(nu)
nu,x1^3 x2^0 x3^1 x4^0,15.865812655476,log(nu)
nu,x1^3 x2^1 x3^0 x4^0,-18.2965389106867,log(nu)
nu,x1^4 x2^0 x3^0 x4^0,4.06141476076299,log(nu)
P,(intercept),323.566022579566,asinh(P/P_SCALE)
P,1,5.44870310913189e-16,asinh(P/P_SCALE)
P,x1^0 x2^0 x3^0 x4^1,0.430213147853437,asinh(P/P_SCALE)
P,x1^0 x2^0 x3^1 x4^0,-74.765266150769,asinh(P/P_SCALE)
P,x1^0 x2^1 x3^0 x4^0,250.73074620264,asinh(P/P_SCALE)
P,x1^1 x2^0 x3^0 x4^0,-90.5322646145591,asinh(P/P_SCALE)
P,x1^0 x2^0 x3^0 x4^2,0.18813956993865,asinh(P/P_SCALE)
P,x1^0 x2^0 x3^1 x4^1,-2.37284482158337,asinh(P/P_SCALE)
P,x1^0 x2^0 x3^2 x4^0,90.7951602028451,asinh(P/P_SCALE)
P,x1^0 x2^1 x3^0 x4^1,-0.268560312986964,asinh(P/P_SCALE)
P,x1^0 x2^1 x3^1 x4^0,2.68963898472668,asinh(P/P_SCALE)
P,x1^0 x2^2 x3^0 x4^0,-13.020585137718,asinh(P/P_SCALE)
P,x1^1 x2^0 x3^0 x4^1,-0.0505973039870467,asinh(P/P_SCALE)
P,x1^1 x2^0 x3^1 x4^0,17.8582531623007,asinh(P/P_SCALE)
P,x1^1 x2^1 x3^0 x4^0,-38.3513689916234,asinh(P/P_SCALE)
P,x1^2 x2^0 x3^0 x4^0,9.82888544811018,asinh(P/P_SCALE)
P,x1^0 x2^0 x3^0 x4^3,0.0304938432677214,asinh(P/P_SCALE)
P,x1^0 x2^0 x3^1 x4^2,-0.577442373700952,asinh(P/P_SCALE)
P,x1^0 x2^0 x3^2 x4^1,4.96091318154456,asinh(P/P_SCALE)
P,x1^0 x2^0 x3^3 x4^0,-120.749363220609,asinh(P/P_SCALE)
P,x1^0 x2^1 x3^0 x4^2,-0.071624249085662,asinh(P/P_SCALE)
P,x1^0 x2^1 x3^1 x4^1,1.29392694682285,asinh(P/P_SCALE)
P,x1^0 x2^1 x3^2 x4^0,17.3342458933929,asinh(P/P_SCALE)
P,x1^0 x2^2 x3^0 x4^1,0.149811169944091,asinh(P/P_SCALE)
P,x1^0 x2^2 x3^1 x4^0,5.14608837572983,asinh(P/P_SCALE)
P,x1^0 x2^3 x3^0 x4^0,-8.20224111590152,asinh(P/P_SCALE)
P,x1^1 x2^0 x3^0 x4^2,-0.0770541495879826,asinh(P/P_SCALE)
P,x1^1 x2^0 x3^1 x4^1,0.343479836480783,asinh(P/P_SCALE)
P,x1^1 x2^0 x3^2 x4^0,-13.924744616132,asinh(P/P_SCALE)
P,x1^1 x2^1 x3^0 x4^1,0.046963808036423,asinh(P/P_SCALE)
P,x1^1 x2^1 x3^1 x4^0,1.21014857778706,asinh(P/P_SCALE)
P,x1^1 x2^2 x3^0 x4^0,1.71702097474653,asinh(P/P_SCALE)
P,x1^2 x2^0 x3^0 x4^1,-0.0087601171886748,asinh(P/P_SCALE)
P,x1^2 x2^0 x3^1 x4^0,-3.65559395605171,asinh(P/P_SCALE)
P,x1^2 x2^1 x3^0 x4^0,5.02831019657125,asinh(P/P_SCALE)
P,x1^3 x2^0 x3^0 x4^0,-1.20055308004532,asinh(P/P_SCALE)
P,x1^0 x2^0 x3^0 x4^4,-0.0113258050624713,asinh(P/P_SCALE)
P,x1^0 x2^0 x3^1 x4^3,-0.323010919944202,asinh(P/P_SCALE)
P,x1^0 x2^0 x3^2 x4^2,2.65205256401287,asinh(P/P_SCALE)
P,x1^0 x2^0 x3^3 x4^1,48.87350331941,asinh(P/P_SCALE)
P,x1^0 x2^0 x3^4 x4^0,284.519207119368,asinh(P/P_SCALE)
P,x1^0 x2^1 x3^0 x4^3,-0.0148822359422786,asinh(P/P_SCALE)
P,x1^0 x2^1 x3^1 x4^2,0.228888218883496,asinh(P/P_SCALE)
P,x1^0 x2^1 x3^2 x4^1,-2.72827401165358,asinh(P/P_SCALE)
P,x1^0 x2^1 x3^3 x4^0,-104.726627529137,asinh(P/P_SCALE)
P,x1^0 x2^2 x3^0 x4^2,0.0270077632317878,asinh(P/P_SCALE)
P,x1^0 x2^2 x3^1 x4^1,-0.664813429129484,asinh(P/P_SCALE)
P,x1^0 x2^2 x3^2 x4^0,-23.7709431657062,asinh(P/P_SCALE)
P,x1^0 x2^3 x3^0 x4^1,-0.0784664916360815,asinh(P/P_SCALE)
P,x1^0 x2^3 x3^1 x4^0,-2.17640869850819,asinh(P/P_SCALE)
P,x1^0 x2^4 x3^0 x4^0,6.564137996472,asinh(P/P_SCALE)
P,x1^1 x2^0 x3^0 x4^3,-0.00330372265219051,asinh(P/P_SCALE)
P,x1^1 x2^0 x3^1 x4^2,0.271740536174898,asinh(P/P_SCALE)
P,x1^1 x2^0 x3^2 x4^1,0.247616790400655,asinh(P/P_SCALE)
P,x1^1 x2^0 x3^3 x4^0,-9.86307134951899,asinh(P/P_SCALE)
P,x1^1 x2^1 x3^0 x4^2,0.0303627071300934,asinh(P/P_SCALE)
P,x1^1 x2^1 x3^1 x4^1,-0.230097756038849,asinh(P/P_SCALE)
P,x1^1 x2^1 x3^2 x4^0,-11.0915440287936,asinh(P/P_SCALE)
P,x1^1 x2^2 x3^0 x4^1,-0.0305487281856642,asinh(P/P_SCALE)
P,x1^1 x2^2 x3^1 x4^0,-2.40968569057357,asinh(P/P_SCALE)
P,x1^1 x2^3 x3^0 x4^0,2.71966150273962,asinh(P/P_SCALE)
P,x1^2 x2^0 x3^0 x4^2,0.0294136836543094,asinh(P/P_SCALE)
P,x1^2 x2^0 x3^1 x4^1,0.00932751232250741,asinh(P/P_SCALE)
P,x1^2 x2^0 x3^2 x4^0,-0.25053169311553,asinh(P/P_SCALE)
P,x1^2 x2^1 x3^0 x4^1,-0.0038361830005835,asinh(P/P_SCALE)
P,x1^2 x2^1 x3^1 x4^0,-1.09079849650117,asinh(P/P_SCALE)
P,x1^2 x2^2 x3^0 x4^0,-0.219747268439288,asinh(P/P_SCALE)
P,x1^3 x2^0 x3^0 x4^1,0.00993049884501406,asinh(P/P_SCALE)
P,x1^3 x2^0 x3^1 x4^0,0.498527974799731,asinh(P/P_SCALE)
P,x1^3 x2^1 x3^0 x4^0,-0.880843599908107,asinh(P/P_SCALE)
P,x1^4 x2^0 x3^0 x4^0,0.0945167315067657,asinh(P/P_SCALE)
xp,(intercept),-28252.5372082658,logit(xp_norm)  with xp_norm=(xp-xmin)/(xmax-xmin)
xp,1,-7.79207382161958e-15,logit(xp_norm)  with xp_norm=(xp-xmin)/(xmax-xmin)
xp,x1^0 x2^0 x3^0 x4^1,26.220891013188,logit(xp_norm)  with xp_norm=(xp-xmin)/(xmax-xmin)
xp,x1^0 x2^0 x3^1 x4^0,-17455.0636211257,logit(xp_norm)  with xp_norm=(xp-xmin)/(xmax-xmin)
xp,x1^0 x2^1 x3^0 x4^0,-18304.7229937501,logit(xp_norm)  with xp_norm=(xp-xmin)/(xmax-xmin)
xp,x1^1 x2^0 x3^0 x4^0,7716.71158196115,logit(xp_norm)  with xp_norm=(xp-xmin)/(xmax-xmin)
xp,x1^0 x2^0 x3^0 x4^2,-4.52121235750725,logit(xp_norm)  with xp_norm=(xp-xmin)/(xmax-xmin)
xp,x1^0 x2^0 x3^1 x4^1,2.38154083104678,logit(xp_norm)  with xp_norm=(xp-xmin)/(xmax-xmin)
xp,x1^0 x2^0 x3^2 x4^0,29690.989924185,logit(xp_norm)  with xp_norm=(xp-xmin)/(xmax-xmin)
xp,x1^0 x2^1 x3^0 x4^1,-4.18938707400032,logit(xp_norm)  with xp_norm=(xp-xmin)/(xmax-xmin)
xp,x1^0 x2^1 x3^1 x4^0,3064.80362788736,logit(xp_norm)  with xp_norm=(xp-xmin)/(xmax-xmin)
xp,x1^0 x2^2 x3^0 x4^0,980.958624238314,logit(xp_norm)  with xp_norm=(xp-xmin)/(xmax-xmin)
xp,x1^1 x2^0 x3^0 x4^1,-5.74419957065527,logit(xp_norm)  with xp_norm=(xp-xmin)/(xmax-xmin)
xp,x1^1 x2^0 x3^1 x4^0,3415.31957988138,logit(xp_norm)  with xp_norm=(xp-xmin)/(xmax-xmin)
xp,x1^1 x2^1 x3^0 x4^0,3189.45781445288,logit(xp_norm)  with xp_norm=(xp-xmin)/(xmax-xmin)
xp,x1^2 x2^0 x3^0 x4^0,-967.587397929915,logit(xp_norm)  with xp_norm=(xp-xmin)/(xmax-xmin)
xp,x1^0 x2^0 x3^0 x4^3,-1.53827540642282,logit(xp_norm)  with xp_norm=(xp-xmin)/(xmax-xmin)
xp,x1^0 x2^0 x3^1 x4^2,15.9146972719881,logit(xp_norm)  with xp_norm=(xp-xmin)/(xmax-xmin)
xp,x1^0 x2^0 x3^2 x4^1,-154.004854953504,logit(xp_norm)  with xp_norm=(xp-xmin)/(xmax-xmin)
xp,x1^0 x2^0 x3^3 x4^0,-45533.5400587551,logit(xp_norm)  with xp_norm=(xp-xmin)/(xmax-xmin)
xp,x1^0 x2^1 x3^0 x4^2,0.914886750601043,logit(xp_norm)  with xp_norm=(xp-xmin)/(xmax-xmin)
xp,x1^0 x2^1 x3^1 x4^1,-21.5032946419524,logit(xp_norm)  with xp_norm=(xp-xmin)/(xmax-xmin)
xp,x1^0 x2^1 x3^2 x4^0,-545.027578294354,logit(xp_norm)  with xp_norm=(xp-xmin)/(xmax-xmin)
xp,x1^0 x2^2 x3^0 x4^1,-1.15128974770378,logit(xp_norm)  with xp_norm=(xp-xmin)/(xmax-xmin)
xp,x1^0 x2^2 x3^1 x4^0,1034.45231027434,logit(xp_norm)  with xp_norm=(xp-xmin)/(xmax-xmin)
xp,x1^0 x2^3 x3^0 x4^0,581.080986722399,logit(xp_norm)  with xp_norm=(xp-xmin)/(xmax-xmin)
xp,x1^1 x2^0 x3^0 x4^2,1.29863357681424,logit(xp_norm)  with xp_norm=(xp-xmin)/(xmax-xmin)
xp,x1^1 x2^0 x3^1 x4^1,-10.2416282023952,logit(xp_norm)  with xp_norm=(xp-xmin)/(xmax-xmin)
xp,x1^1 x2^0 x3^2 x4^0,-4518.83378629389,logit(xp_norm)  with xp_norm=(xp-xmin)/(xmax-xmin)
xp,x1^1 x2^1 x3^0 x4^1,0.297491802821239,logit(xp_norm)  with xp_norm=(xp-xmin)/(xmax-xmin)
xp,x1^1 x2^1 x3^1 x4^0,-157.648504124935,logit(xp_norm)  with xp_norm=(xp-xmin)/(xmax-xmin)
xp,x1^1 x2^2 x3^0 x4^0,-268.186017619151,logit(xp_norm)  with xp_norm=(xp-xmin)/(xmax-xmin)
xp,x1^2 x2^0 x3^0 x4^1,1.07064981672982,logit(xp_norm)  with xp_norm=(xp-xmin)/(xmax-xmin)
xp,x1^2 x2^0 x3^1 x4^0,-482.890303879674,logit(xp_norm)  with xp_norm=(xp-xmin)/(xmax-xmin)
xp,x1^2 x2^1 x3^0 x4^0,-462.548143875697,logit(xp_norm)  with xp_norm=(xp-xmin)/(xmax-xmin)
xp,x1^3 x2^0 x3^0 x4^0,154.763102903349,logit(xp_norm)  with xp_norm=(xp-xmin)/(xmax-xmin)
xp,x1^0 x2^0 x3^0 x4^4,-0.423379075806403,logit(xp_norm)  with xp_norm=(xp-xmin)/(xmax-xmin)
xp,x1^0 x2^0 x3^1 x4^3,7.14913544207685,logit(xp_norm)  with xp_norm=(xp-xmin)/(xmax-xmin)
xp,x1^0 x2^0 x3^2 x4^2,-138.231701471366,logit(xp_norm)  with xp_norm=(xp-xmin)/(xmax-xmin)
xp,x1^0 x2^0 x3^3 x4^1,-1132.3157341478,logit(xp_norm)  with xp_norm=(xp-xmin)/(xmax-xmin)
xp,x1^0 x2^0 x3^4 x4^0,-55264.9454050858,logit(xp_norm)  with xp_norm=(xp-xmin)/(xmax-xmin)
xp,x1^0 x2^1 x3^0 x4^3,0.877335271388299,logit(xp_norm)  with xp_norm=(xp-xmin)/(xmax-xmin)
xp,x1^0 x2^1 x3^1 x4^2,-3.9026097834588,logit(xp_norm)  with xp_norm=(xp-xmin)/(xmax-xmin)
xp,x1^0 x2^1 x3^2 x4^1,91.2930603239301,logit(xp_norm)  with xp_norm=(xp-xmin)/(xmax-xmin)
xp,x1^0 x2^1 x3^3 x4^0,-23145.3681076388,logit(xp_norm)  with xp_norm=(xp-xmin)/(xmax-xmin)
xp,x1^0 x2^2 x3^0 x4^2,0.0397793112219583,logit(xp_norm)  with xp_norm=(xp-xmin)/(xmax-xmin)
xp,x1^0 x2^2 x3^1 x4^1,17.4616129539094,logit(xp_norm)  with xp_norm=(xp-xmin)/(xmax-xmin)
xp,x1^0 x2^2 x3^2 x4^0,-5654.90087404739,logit(xp_norm)  with xp_norm=(xp-xmin)/(xmax-xmin)
xp,x1^0 x2^3 x3^0 x4^1,1.72267342104753,logit(xp_norm)  with xp_norm=(xp-xmin)/(xmax-xmin)
xp,x1^0 x2^3 x3^1 x4^0,-1596.64330660562,logit(xp_norm)  with xp_norm=(xp-xmin)/(xmax-xmin)
xp,x1^0 x2^4 x3^0 x4^0,-470.491748697669,logit(xp_norm)  with xp_norm=(xp-xmin)/(xmax-xmin)
xp,x1^1 x2^0 x3^0 x4^3,0.406281507402436,logit(xp_norm)  with xp_norm=(xp-xmin)/(xmax-xmin)
xp,x1^1 x2^0 x3^1 x4^2,-4.53646257122799,logit(xp_norm)  with xp_norm=(xp-xmin)/(xmax-xmin)
xp,x1^1 x2^0 x3^2 x4^1,86.6115269264063,logit(xp_norm)  with xp_norm=(xp-xmin)/(xmax-xmin)
xp,x1^1 x2^0 x3^3 x4^0,-909.529360296083,logit(xp_norm)  with xp_norm=(xp-xmin)/(xmax-xmin)
xp,x1^1 x2^1 x3^0 x4^2,-0.243716538087004,logit(xp_norm)  with xp_norm=(xp-xmin)/(xmax-xmin)
xp,x1^1 x2^1 x3^1 x4^1,10.7308280699171,logit(xp_norm)  with xp_norm=(xp-xmin)/(xmax-xmin)
xp,x1^1 x2^1 x3^2 x4^0,-1731.95979918368,logit(xp_norm)  with xp_norm=(xp-xmin)/(xmax-xmin)
xp,x1^1 x2^2 x3^0 x4^1,0.777908545710003,logit(xp_norm)  with xp_norm=(xp-xmin)/(xmax-xmin)
xp,x1^1 x2^2 x3^1 x4^0,-624.905863806886,logit(xp_norm)  with xp_norm=(xp-xmin)/(xmax-xmin)
xp,x1^1 x2^3 x3^0 x4^0,-149.718389166487,logit(xp_norm)  with xp_norm=(xp-xmin)/(xmax-xmin)
xp,x1^2 x2^0 x3^0 x4^2,-0.371619538046183,logit(xp_norm)  with xp_norm=(xp-xmin)/(xmax-xmin)
xp,x1^2 x2^0 x3^1 x4^1,6.00277715553277,logit(xp_norm)  with xp_norm=(xp-xmin)/(xmax-xmin)
xp,x1^2 x2^0 x3^2 x4^0,34.3767412095526,logit(xp_norm)  with xp_norm=(xp-xmin)/(xmax-xmin)
xp,x1^2 x2^1 x3^0 x4^1,0.205628788971277,logit(xp_norm)  with xp_norm=(xp-xmin)/(xmax-xmin)
xp,x1^2 x2^1 x3^1 x4^0,-176.367034066437,logit(xp_norm)  with xp_norm=(xp-xmin)/(xmax-xmin)
xp,x1^2 x2^2 x3^0 x4^0,74.3747887513694,logit(xp_norm)  with xp_norm=(xp-xmin)/(xmax-xmin)
xp,x1^3 x2^0 x3^0 x4^1,-0.12054638903141,logit(xp_norm)  with xp_norm=(xp-xmin)/(xmax-xmin)
xp,x1^3 x2^0 x3^1 x4^0,-12.722223694659,logit(xp_norm)  with xp_norm=(xp-xmin)/(xmax-xmin)
xp,x1^3 x2^1 x3^0 x4^0,82.1954024440046,logit(xp_norm)  with xp_norm=(xp-xmin)/(xmax-xmin)
xp,x1^4 x2^0 x3^0 x4^0,-25.9260335264293,logit(xp_norm)  with xp_norm=(xp-xmin)/(xmax-xmin)
sig,(intercept),-1416.79195289821,log(sig)
sig,1,-8.35643337923737e-16,log(sig)
sig,x1^0 x2^0 x3^0 x4^1,-1.59967570621652,log(sig)
sig,x1^0 x2^0 x3^1 x4^0,116.599745366333,log(sig)
sig,x1^0 x2^1 x3^0 x4^0,-1066.27619306638,log(sig)
sig,x1^1 x2^0 x3^0 x4^0,393.955325554,log(sig)
sig,x1^0 x2^0 x3^0 x4^2,-0.219536137107462,log(sig)
sig,x1^0 x2^0 x3^1 x4^1,8.05113191316627,log(sig)
sig,x1^0 x2^0 x3^2 x4^0,-47.4889065674388,log(sig)
sig,x1^0 x2^1 x3^0 x4^1,0.385499037705443,log(sig)
sig,x1^0 x2^1 x3^1 x4^0,16.6079232559432,log(sig)
sig,x1^0 x2^2 x3^0 x4^0,56.1782056403431,log(sig)
sig,x1^1 x2^0 x3^0 x4^1,0.37902418230836,log(sig)
sig,x1^1 x2^0 x3^1 x4^0,-34.8260220076569,log(sig)
sig,x1^1 x2^1 x3^0 x4^0,166.987736793352,log(sig)
sig,x1^2 x2^0 x3^0 x4^0,-44.3128043572636,log(sig)
sig,x1^0 x2^0 x3^0 x4^3,-0.138480531062926,log(sig)
sig,x1^0 x2^0 x3^1 x4^2,0.00813925973933323,log(sig)
sig,x1^0 x2^0 x3^2 x4^1,-7.0793693834313,log(sig)
sig,x1^0 x2^0 x3^3 x4^0,-90.9638314266073,log(sig)
sig,x1^0 x2^1 x3^0 x4^2,0.1689116974888,log(sig)
sig,x1^0 x2^1 x3^1 x4^1,-1.30848524640223,log(sig)
sig,x1^0 x2^1 x3^2 x4^0,-74.5758294048989,log(sig)
sig,x1^0 x2^2 x3^0 x4^1,-0.0241763197843519,log(sig)
sig,x1^0 x2^2 x3^1 x4^0,-9.06104083498975,log(sig)
sig,x1^0 x2^3 x3^0 x4^0,34.4142018262882,log(sig)
sig,x1^1 x2^0 x3^0 x4^2,0.109031150297369,log(sig)
sig,x1^1 x2^0 x3^1 x4^1,-1.97552021221122,log(sig)
sig,x1^1 x2^0 x3^2 x4^0,5.58581147626122,log(sig)
sig,x1^1 x2^1 x3^0 x4^1,-0.0718381196342357,log(sig)
sig,x1^1 x2^1 x3^1 x4^0,-5.4400993949167,log(sig)
sig,x1^1 x2^2 x3^0 x4^0,-8.82130119217523,log(sig)
sig,x1^2 x2^0 x3^0 x4^1,-0.0830884508569306,log(sig)
sig,x1^2 x2^0 x3^1 x4^0,9.19869286101549,log(sig)
sig,x1^2 x2^1 x3^0 x4^0,-22.2409009177787,log(sig)
sig,x1^3 x2^0 x3^0 x4^0,5.84710011822494,log(sig)
sig,x1^0 x2^0 x3^0 x4^4,-0.0390190169008232,log(sig)
sig,x1^0 x2^0 x3^1 x4^3,1.25186954790623,log(sig)
sig,x1^0 x2^0 x3^2 x4^2,-1.1493489260806,log(sig)
sig,x1^0 x2^0 x3^3 x4^1,-293.348284285445,log(sig)
sig,x1^0 x2^0 x3^4 x4^0,-815.972997920728,log(sig)
sig,x1^0 x2^1 x3^0 x4^3,0.0408020935064856,log(sig)
sig,x1^0 x2^1 x3^1 x4^2,-0.492116428133277,log(sig)
sig,x1^0 x2^1 x3^2 x4^1,-11.0203098960267,log(sig)
sig,x1^0 x2^1 x3^3 x4^0,226.625186817185,log(sig)
sig,x1^0 x2^2 x3^0 x4^2,-0.106353857278071,log(sig)
sig,x1^0 x2^2 x3^1 x4^1,-0.426490943480369,log(sig)
sig,x1^0 x2^2 x3^2 x4^0,38.8344838896588,log(sig)
sig,x1^0 x2^3 x3^0 x4^1,-0.0555722935298333,log(sig)
sig,x1^0 x2^3 x3^1 x4^0,-6.38777038733598,log(sig)
sig,x1^0 x2^4 x3^0 x4^0,-27.6865579127598,log(sig)
sig,x1^1 x2^0 x3^0 x4^3,0.0267202437179301,log(sig)
sig,x1^1 x2^0 x3^1 x4^2,-0.20393805639813,log(sig)
sig,x1^1 x2^0 x3^2 x4^1,0.153287916718184,log(sig)
sig,x1^1 x2^0 x3^3 x4^0,62.9737613893683,log(sig)
sig,x1^1 x2^1 x3^0 x4^2,-0.0694615151207184,log(sig)
sig,x1^1 x2^1 x3^1 x4^1,0.199505799900503,log(sig)
sig,x1^1 x2^1 x3^2 x4^0,26.6429239492365,log(sig)
sig,x1^1 x2^2 x3^0 x4^1,-0.0117999995803921,log(sig)
sig,x1^1 x2^2 x3^1 x4^0,3.03297499527065,log(sig)
sig,x1^1 x2^3 x3^0 x4^0,-11.0123266521442,log(sig)
sig,x1^2 x2^0 x3^0 x4^2,-0.0458907266409696,log(sig)
sig,x1^2 x2^0 x3^1 x4^1,0.45930967849967,log(sig)
sig,x1^2 x2^0 x3^2 x4^0,2.40056387303867,log(sig)
sig,x1^2 x2^1 x3^0 x4^1,0.00825661093280398,log(sig)
sig,x1^2 x2^1 x3^1 x4^0,2.24193956450086,log(sig)
sig,x1^2 x2^2 x3^0 x4^0,1.507759142183,log(sig)
sig,x1^3 x2^0 x3^0 x4^1,0.0156346335742117,log(sig)
sig,x1^3 x2^0 x3^1 x4^0,-2.03384914703898,log(sig)
sig,x1^3 x2^1 x3^0 x4^0,3.87667848544027,log(sig)
sig,x1^4 x2^0 x3^0 x4^0,-0.623565434241322,log(sig)
